MASTER;Source_Name
10;10_2
10;10_3
10;10_4
10;10_5
10;10_6
10;10_2_T
10;10_3_T
10;10_4_T
10;10_5_T
10;10_6_T
10;WEB_10_2
10;WEB_10_3
10;WEB_10_4
10;WEB_10_5
10;WEB_10_6
10;WEB_10_2_T
10;WEB_10_3_T
10;WEB_10_4_T
10;WEB_10_5_T
10;WEB_10_6_T
10;Rapport_10_2
10;Rapport_10_3
10;Rapport_10_4
10;Rapport_10_5
10;Rapport_10_6
10;Rapport_10_2_T
10;Rapport_10_3_T
10;Rapport_10_4_T
10;Rapport_10_5_T
10;Rapport_10_6_T
14;14_1
14;14_2
14;14_3
14;14_4
14;14_5
14;14_6
14;14_7
14;14_8
14;14_9
14;14_10
14;WEB_14_1
14;WEB_14_2
14;WEB_14_3
14;WEB_14_4
14;WEB_14_5
14;WEB_14_6
14;WEB_14_7
14;WEB_14_8
14;WEB_14_9
14;WEB_14_10
14;Rapport_14_1
14;Rapport_14_2
14;Rapport_14_3
14;Rapport_14_4
14;Rapport_14_5
14;Rapport_14_6
14;Rapport_14_7
14;Rapport_14_8
14;Rapport_14_9
14;Rapport_14_10
15;15_2
15;15_3
15;15_4
15;15_5
15;15_6
15;15_7
15;15_8
15;15_9
15;WEB_15_2
15;WEB_15_3
15;WEB_15_4
15;WEB_15_5
15;WEB_15_6
15;WEB_15_7
15;WEB_15_8
15;WEB_15_9
15;Rapport_15_2
15;Rapport_15_3
15;Rapport_15_4
15;Rapport_15_5
15;Rapport_15_6
15;Rapport_15_7
15;Rapport_15_8
15;Rapport_15_9
