R14;marouene test 22222;18;Ad Hoc;*;*;*;*;*;*;*;;Layout_Tabular_Portrait;Portrait;;CH F COMMERCIALE HUMIDITE ;T - A;*;*;;;;;;;;;;;;;;;;;;;;;;;;;;;;;;;;;;;;;;;;;;;;;;;;;;;;;;;;;Administrateur
DR2;Suivi conformite Tc Hebdomadaire CLC;14;Suivi conformite;Temperature;Temperature;S;Hebdomadaire;#&#&D1;#&#&CLC;CTCA;CLC;Layout_Chart_Report;Paysage;Chart_14_Temperature_S_CTCA_V150;*;*;*;14_Temperature_-_S_CTCA;Suivi conformite Temperature Hebdomadaire CLC;Developpeur
DR3;Suivi conformite Tc Mensuel CLC;14;Suivi conformite;Temperature;Temperature;M;Mensuel;#&#&D1;#&#&CLC;CTCA;CLC;Layout_Chart_Report;Paysage;Chart_14_Temperature_M_CTCA_V150;*;*;*;14_Temperature_-_M_CTCA;Suivi conformite Temperature Mensuel CLC;Developpeur
DR6;Suivi conformite Tc Hebdomadaire Production;14;Suivi conformite;Temperature;Temperature;S;Hebdomadaire;#&#&D2;#&#&Production;CTC2;Production;Layout_Chart_Report;Paysage;Chart_14_Temperature_S_CTC2_V150;*;*;*;14_Temperature_-_S_CTC2;Suivi conformite Temperature Hebdomadaire Production;Developpeur
DR7;Suivi conformite Tc Mensuel Production;14;Suivi conformite;Temperature;Temperature;M;Mensuel;#&#&D2;#&#&Production;CTC2;Production;Layout_Chart_Report;Paysage;Chart_14_Temperature_M_CTC2_V150;*;*;*;14_Temperature_-_M_CTC2;Suivi conformite Temperature Mensuel Production;Developpeur
DR9;Suivi conformite Tc Journalier Galdi;14;Suivi conformite;Temperature;Temperature;J;Journalier;#&#&D26;#&#&Galdi;CTC2F;Galdi;Layout_Chart_Report;Paysage;Chart_14_Temperature_J_CTC2F_V150;*;*;*;14_Temperature_-_J_CTC2F;Suivi conformite Temperature Journalier Galdi;Developpeur
DR11;Suivi conformite Tc Mensuel Galdi;14;Suivi conformite;Temperature;Temperature;M;Mensuel;#&#&D26;#&#&Galdi;CTC2F;Galdi;Layout_Chart_Report;Paysage;Chart_14_Temperature_M_CTC2F_V150;*;*;*;14_Temperature_-_M_CTC2F;Suivi conformite Temperature Mensuel Galdi;Developpeur
DR12;Suivi conformite Tc Annuel Galdi;14;Suivi conformite;Temperature;Temperature;A;Annuel;#&#&D26;#&#&Galdi;CTC2F;Galdi;Layout_Chart_Report;Paysage;Chart_14_Temperature_A_CTC2F_V150;*;*;*;14_Temperature_-_A_CTC2F;Suivi conformite Temperature Annuel Galdi;Developpeur
DR13;Suivi conformite Tc Journalier Beurrerie;14;Suivi conformite;Temperature;Temperature;J;Journalier;#&#&D27;#&#&Beurrerie;CTC2G;Beurrerie;Layout_Chart_Report;Paysage;Chart_14_Temperature_J_CTC2G_V150;*;*;*;14_Temperature_-_J_CTC2G;Suivi conformite Temperature Journalier Beurrerie;Developpeur
DR14;Suivi conformite Tc Hebdomadaire Beurrerie;14;Suivi conformite;Temperature;Temperature;S;Hebdomadaire;#&#&D27;#&#&Beurrerie;CTC2G;Beurrerie;Layout_Chart_Report;Paysage;Chart_14_Temperature_S_CTC2G_V150;*;*;*;14_Temperature_-_S_CTC2G;Suivi conformite Temperature Hebdomadaire Beurrerie;Developpeur
DR15;Suivi conformite Tc Mensuel Beurrerie;14;Suivi conformite;Temperature;Temperature;M;Mensuel;#&#&D27;#&#&Beurrerie;CTC2G;Beurrerie;Layout_Chart_Report;Paysage;Chart_14_Temperature_M_CTC2G_V150;*;*;*;14_Temperature_-_M_CTC2G;Suivi conformite Temperature Mensuel Beurrerie;Developpeur
DR16;Suivi conformite Tc Annuel Beurrerie;14;Suivi conformite;Temperature;Temperature;A;Annuel;#&#&D27;#&#&Beurrerie;CTC2G;Beurrerie;Layout_Chart_Report;Paysage;Chart_14_Temperature_A_CTC2G_V150;*;*;*;14_Temperature_-_A_CTC2G;Suivi conformite Temperature Annuel Beurrerie;Developpeur
DR17;Suivi conformite Tc Journalier CH F Commerciale;14;Suivi conformite;Temperature;Temperature;J;Journalier;#&#&D3;#&#&CH_F_Commerciale;CTC3;CH_F_Commerciale;Layout_Chart_Report;Paysage;Chart_14_Temperature_J_CTC3_V150;*;*;*;14_Temperature_-_J_CTC3;Suivi conformite Temperature Journalier CH F Commerciale;Developpeur
DR18;Suivi conformite Tc Hebdomadaire CH F Commerciale;14;Suivi conformite;Temperature;Temperature;S;Hebdomadaire;#&#&D3;#&#&CH_F_Commerciale;CTC3;CH_F_Commerciale;Layout_Chart_Report;Paysage;Chart_14_Temperature_S_CTC3_V150;*;*;*;14_Temperature_-_S_CTC3;Suivi conformite Temperature Hebdomadaire CH F Commerciale;Developpeur
DR19;Suivi conformite Tc Mensuel CH F Commerciale;14;Suivi conformite;Temperature;Temperature;M;Mensuel;#&#&D3;#&#&CH_F_Commerciale;CTC3;CH_F_Commerciale;Layout_Chart_Report;Paysage;Chart_14_Temperature_M_CTC3_V150;*;*;*;14_Temperature_-_M_CTC3;Suivi conformite Temperature Mensuel CH F Commerciale;Developpeur
DR20;Suivi conformite Tc Annuel CH F Commerciale;14;Suivi conformite;Temperature;Temperature;A;Annuel;#&#&D3;#&#&CH_F_Commerciale;CTC3;CH_F_Commerciale;Layout_Chart_Report;Paysage;Chart_14_Temperature_A_CTC3_V150;*;*;*;14_Temperature_-_A_CTC3;Suivi conformite Temperature Annuel CH F Commerciale;Developpeur
DR21;Suivi conformite Tc Journalier Laboratoire;14;Suivi conformite;Temperature;Temperature;J;Journalier;#&#&D4;#&#&Laboratoire;CTC4;Laboratoire;Layout_Chart_Report;Paysage;Chart_14_Temperature_J_CTC4_V150;*;*;*;14_Temperature_-_J_CTC4;Suivi conformite Temperature Journalier Laboratoire;Developpeur
DR22;Suivi conformite Tc Hebdomadaire Laboratoire;14;Suivi conformite;Temperature;Temperature;S;Hebdomadaire;#&#&D4;#&#&Laboratoire;CTC4;Laboratoire;Layout_Chart_Report;Paysage;Chart_14_Temperature_S_CTC4_V150;*;*;*;14_Temperature_-_S_CTC4;Suivi conformite Temperature Hebdomadaire Laboratoire;Developpeur
DR23;Suivi conformite Tc Mensuel Laboratoire;14;Suivi conformite;Temperature;Temperature;M;Mensuel;#&#&D4;#&#&Laboratoire;CTC4;Laboratoire;Layout_Chart_Report;Paysage;Chart_14_Temperature_M_CTC4_V150;*;*;*;14_Temperature_-_M_CTC4;Suivi conformite Temperature Mensuel Laboratoire;Developpeur
DR24;Suivi conformite Tc Annuel Laboratoire;14;Suivi conformite;Temperature;Temperature;A;Annuel;#&#&D4;#&#&Laboratoire;CTC4;Laboratoire;Layout_Chart_Report;Paysage;Chart_14_Temperature_A_CTC4_V150;*;*;*;14_Temperature_-_A_CTC4;Suivi conformite Temperature Annuel Laboratoire;Developpeur
DR25;Suivi conformite Tc Journalier LAB Bacterio;14;Suivi conformite;Temperature;Temperature;J;Journalier;#&#&D41;#&#&LAB_Bacterio;CTC41;LAB_Bacterio;Layout_Chart_Report;Paysage;Chart_14_Temperature_J_CTC41_V150;*;*;*;14_Temperature_-_J_CTC41;Suivi conformite Temperature Journalier LAB Bacterio;Developpeur
DR26;Suivi conformite Tc Hebdomadaire LAB Bacterio;14;Suivi conformite;Temperature;Temperature;S;Hebdomadaire;#&#&D41;#&#&LAB_Bacterio;CTC41;LAB_Bacterio;Layout_Chart_Report;Paysage;Chart_14_Temperature_S_CTC41_V150;*;*;*;14_Temperature_-_S_CTC41;Suivi conformite Temperature Hebdomadaire LAB Bacterio;Developpeur
DR27;Suivi conformite Tc Mensuel LAB Bacterio;14;Suivi conformite;Temperature;Temperature;M;Mensuel;#&#&D41;#&#&LAB_Bacterio;CTC41;LAB_Bacterio;Layout_Chart_Report;Paysage;Chart_14_Temperature_M_CTC41_V150;*;*;*;14_Temperature_-_M_CTC41;Suivi conformite Temperature Mensuel LAB Bacterio;Developpeur
DR28;Suivi conformite Tc Annuel LAB Bacterio;14;Suivi conformite;Temperature;Temperature;A;Annuel;#&#&D41;#&#&LAB_Bacterio;CTC41;LAB_Bacterio;Layout_Chart_Report;Paysage;Chart_14_Temperature_A_CTC41_V150;*;*;*;14_Temperature_-_A_CTC41;Suivi conformite Temperature Annuel LAB Bacterio;Developpeur
DR29;Suivi conformite Tc Journalier LAB PhysicoChimique;14;Suivi conformite;Temperature;Temperature;J;Journalier;#&#&D42;#&#&LAB_PhysicoChimique;CTC42;LAB_PhysicoChimique;Layout_Chart_Report;Paysage;Chart_14_Temperature_J_CTC42_V150;*;*;*;14_Temperature_-_J_CTC42;Suivi conformite Temperature Journalier LAB PhysicoChimique;Developpeur
DR30;Suivi conformite Tc Hebdomadaire LAB PhysicoChimique;14;Suivi conformite;Temperature;Temperature;S;Hebdomadaire;#&#&D42;#&#&LAB_PhysicoChimique;CTC42;LAB_PhysicoChimique;Layout_Chart_Report;Paysage;Chart_14_Temperature_S_CTC42_V150;*;*;*;14_Temperature_-_S_CTC42;Suivi conformite Temperature Hebdomadaire LAB PhysicoChimique;Developpeur
DR31;Suivi conformite Tc Mensuel LAB PhysicoChimique;14;Suivi conformite;Temperature;Temperature;M;Mensuel;#&#&D42;#&#&LAB_PhysicoChimique;CTC42;LAB_PhysicoChimique;Layout_Chart_Report;Paysage;Chart_14_Temperature_M_CTC42_V150;*;*;*;14_Temperature_-_M_CTC42;Suivi conformite Temperature Mensuel LAB PhysicoChimique;Developpeur
DR32;Suivi conformite Tc Annuel LAB PhysicoChimique;14;Suivi conformite;Temperature;Temperature;A;Annuel;#&#&D42;#&#&LAB_PhysicoChimique;CTC42;LAB_PhysicoChimique;Layout_Chart_Report;Paysage;Chart_14_Temperature_A_CTC42_V150;*;*;*;14_Temperature_-_A_CTC42;Suivi conformite Temperature Annuel LAB PhysicoChimique;Developpeur
DR33;Suivi conformite Tc Journalier Salle De Fermentation;14;Suivi conformite;Temperature;Temperature;J;Journalier;#&#&D5;#&#&Salle_De_Fermentation;CTC5;Salle_De_Fermentation;Layout_Chart_Report;Paysage;Chart_14_Temperature_J_CTC5_V150;*;*;*;14_Temperature_-_J_CTC5;Suivi conformite Temperature Journalier Salle De Fermentation;Developpeur
DR34;Suivi conformite Tc Hebdomadaire Salle De Fermentation;14;Suivi conformite;Temperature;Temperature;S;Hebdomadaire;#&#&D5;#&#&Salle_De_Fermentation;CTC5;Salle_De_Fermentation;Layout_Chart_Report;Paysage;Chart_14_Temperature_S_CTC5_V150;*;*;*;14_Temperature_-_S_CTC5;Suivi conformite Temperature Hebdomadaire Salle De Fermentation;Developpeur
DR35;Suivi conformite Tc Mensuel Salle De Fermentation;14;Suivi conformite;Temperature;Temperature;M;Mensuel;#&#&D5;#&#&Salle_De_Fermentation;CTC5;Salle_De_Fermentation;Layout_Chart_Report;Paysage;Chart_14_Temperature_M_CTC5_V150;*;*;*;14_Temperature_-_M_CTC5;Suivi conformite Temperature Mensuel Salle De Fermentation;Developpeur
DR36;Suivi conformite Tc Annuel Salle De Fermentation;14;Suivi conformite;Temperature;Temperature;A;Annuel;#&#&D5;#&#&Salle_De_Fermentation;CTC5;Salle_De_Fermentation;Layout_Chart_Report;Paysage;Chart_14_Temperature_A_CTC5_V150;*;*;*;14_Temperature_-_A_CTC5;Suivi conformite Temperature Annuel Salle De Fermentation;Developpeur
DR37;Suivi conformite HR Journalier CLC;14;Suivi conformite;Humidite;Humidite;J;Journalier;#&#&D1;#&#&CLC;CHCA;CLC;Layout_Chart_Report;Paysage;Chart_14_Humidite_J_CHCA_V150;*;*;*;14_Humidite_-_J_CHCA;Suivi conformite Humidite Journalier CLC;Developpeur
DR38;Suivi conformite HR Hebdomadaire CLC;14;Suivi conformite;Humidite;Humidite;S;Hebdomadaire;#&#&D1;#&#&CLC;CHCA;CLC;Layout_Chart_Report;Paysage;Chart_14_Humidite_S_CHCA_V150;*;*;*;14_Humidite_-_S_CHCA;Suivi conformite Humidite Hebdomadaire CLC;Developpeur
DR39;Suivi conformite HR Mensuel CLC;14;Suivi conformite;Humidite;Humidite;M;Mensuel;#&#&D1;#&#&CLC;CHCA;CLC;Layout_Chart_Report;Paysage;Chart_14_Humidite_M_CHCA_V150;*;*;*;14_Humidite_-_M_CHCA;Suivi conformite Humidite Mensuel CLC;Developpeur
DR40;Suivi conformite HR Annuel CLC;14;Suivi conformite;Humidite;Humidite;A;Annuel;#&#&D1;#&#&CLC;CHCA;CLC;Layout_Chart_Report;Paysage;Chart_14_Humidite_A_CHCA_V150;*;*;*;14_Humidite_-_A_CHCA;Suivi conformite Humidite Annuel CLC;Developpeur
DR41;Suivi conformite HR Journalier Production;14;Suivi conformite;Humidite;Humidite;J;Journalier;#&#&D2;#&#&Production;CHC1;Production;Layout_Chart_Report;Paysage;Chart_14_Humidite_J_CHC1_V150;*;*;*;14_Humidite_-_J_CHC1;Suivi conformite Humidite Journalier Production;Developpeur
DR42;Suivi conformite HR Hebdomadaire Production;14;Suivi conformite;Humidite;Humidite;S;Hebdomadaire;#&#&D2;#&#&Production;CHC1;Production;Layout_Chart_Report;Paysage;Chart_14_Humidite_S_CHC1_V150;*;*;*;14_Humidite_-_S_CHC1;Suivi conformite Humidite Hebdomadaire Production;Developpeur
DR43;Suivi conformite HR Mensuel Production;14;Suivi conformite;Humidite;Humidite;M;Mensuel;#&#&D2;#&#&Production;CHC1;Production;Layout_Chart_Report;Paysage;Chart_14_Humidite_M_CHC1_V150;*;*;*;14_Humidite_-_M_CHC1;Suivi conformite Humidite Mensuel Production;Developpeur
DR44;Suivi conformite HR Annuel Production;14;Suivi conformite;Humidite;Humidite;A;Annuel;#&#&D2;#&#&Production;CHC1;Production;Layout_Chart_Report;Paysage;Chart_14_Humidite_A_CHC1_V150;*;*;*;14_Humidite_-_A_CHC1;Suivi conformite Humidite Annuel Production;Developpeur
DR45;Suivi conformite HR Journalier Galdi;14;Suivi conformite;Humidite;Humidite;J;Journalier;#&#&D26;#&#&Galdi;CHC1F;Galdi;Layout_Chart_Report;Paysage;Chart_14_Humidite_J_CHC1F_V150;*;*;*;14_Humidite_-_J_CHC1F;Suivi conformite Humidite Journalier Galdi;Developpeur
DR46;Suivi conformite HR Hebdomadaire Galdi;14;Suivi conformite;Humidite;Humidite;S;Hebdomadaire;#&#&D26;#&#&Galdi;CHC1F;Galdi;Layout_Chart_Report;Paysage;Chart_14_Humidite_S_CHC1F_V150;*;*;*;14_Humidite_-_S_CHC1F;Suivi conformite Humidite Hebdomadaire Galdi;Developpeur
DR47;Suivi conformite HR Mensuel Galdi;14;Suivi conformite;Humidite;Humidite;M;Mensuel;#&#&D26;#&#&Galdi;CHC1F;Galdi;Layout_Chart_Report;Paysage;Chart_14_Humidite_M_CHC1F_V150;*;*;*;14_Humidite_-_M_CHC1F;Suivi conformite Humidite Mensuel Galdi;Developpeur
DR48;Suivi conformite HR Annuel Galdi;14;Suivi conformite;Humidite;Humidite;A;Annuel;#&#&D26;#&#&Galdi;CHC1F;Galdi;Layout_Chart_Report;Paysage;Chart_14_Humidite_A_CHC1F_V150;*;*;*;14_Humidite_-_A_CHC1F;Suivi conformite Humidite Annuel Galdi;Developpeur
DR49;Suivi conformite HR Journalier Beurrerie;14;Suivi conformite;Humidite;Humidite;J;Journalier;#&#&D27;#&#&Beurrerie;CHC1G;Beurrerie;Layout_Chart_Report;Paysage;Chart_14_Humidite_J_CHC1G_V150;*;*;*;14_Humidite_-_J_CHC1G;Suivi conformite Humidite Journalier Beurrerie;Developpeur
DR50;Suivi conformite HR Hebdomadaire Beurrerie;14;Suivi conformite;Humidite;Humidite;S;Hebdomadaire;#&#&D27;#&#&Beurrerie;CHC1G;Beurrerie;Layout_Chart_Report;Paysage;Chart_14_Humidite_S_CHC1G_V150;*;*;*;14_Humidite_-_S_CHC1G;Suivi conformite Humidite Hebdomadaire Beurrerie;Developpeur
DR51;Suivi conformite HR Mensuel Beurrerie;14;Suivi conformite;Humidite;Humidite;M;Mensuel;#&#&D27;#&#&Beurrerie;CHC1G;Beurrerie;Layout_Chart_Report;Paysage;Chart_14_Humidite_M_CHC1G_V150;*;*;*;14_Humidite_-_M_CHC1G;Suivi conformite Humidite Mensuel Beurrerie;Developpeur
DR52;Suivi conformite HR Annuel Beurrerie;14;Suivi conformite;Humidite;Humidite;A;Annuel;#&#&D27;#&#&Beurrerie;CHC1G;Beurrerie;Layout_Chart_Report;Paysage;Chart_14_Humidite_A_CHC1G_V150;*;*;*;14_Humidite_-_A_CHC1G;Suivi conformite Humidite Annuel Beurrerie;Developpeur
DR53;Suivi conformite HR Journalier CH F Commerciale;14;Suivi conformite;Humidite;Humidite;J;Journalier;#&#&D3;#&#&CH_F_Commerciale;CHC2;CH_F_Commerciale;Layout_Chart_Report;Paysage;Chart_14_Humidite_J_CHC2_V150;*;*;*;14_Humidite_-_J_CHC2;Suivi conformite Humidite Journalier CH F Commerciale;Developpeur
DR54;Suivi conformite HR Hebdomadaire CH F Commerciale;14;Suivi conformite;Humidite;Humidite;S;Hebdomadaire;#&#&D3;#&#&CH_F_Commerciale;CHC2;CH_F_Commerciale;Layout_Chart_Report;Paysage;Chart_14_Humidite_S_CHC2_V150;*;*;*;14_Humidite_-_S_CHC2;Suivi conformite Humidite Hebdomadaire CH F Commerciale;Developpeur
DR55;Suivi conformite HR Mensuel CH F Commerciale;14;Suivi conformite;Humidite;Humidite;M;Mensuel;#&#&D3;#&#&CH_F_Commerciale;CHC2;CH_F_Commerciale;Layout_Chart_Report;Paysage;Chart_14_Humidite_M_CHC2_V150;*;*;*;14_Humidite_-_M_CHC2;Suivi conformite Humidite Mensuel CH F Commerciale;Developpeur
DR56;Suivi conformite HR Annuel CH F Commerciale;14;Suivi conformite;Humidite;Humidite;A;Annuel;#&#&D3;#&#&CH_F_Commerciale;CHC2;CH_F_Commerciale;Layout_Chart_Report;Paysage;Chart_14_Humidite_A_CHC2_V150;*;*;*;14_Humidite_-_A_CHC2;Suivi conformite Humidite Annuel CH F Commerciale;Developpeur
DR57;Lectures pt mesure Tc - Process Sterilo;17;Lectures point de mesure;Temperature;Temperature;-;-;3&D64&#;D22&T°c  positive&#;CTC2B;Process_Sterilo;Layout_Chart_Report;Paysage;Chart_17_CTC2B_V150;*;*;*;17_-_-_-_CTC2B;Lectures pt mesure Temperature - Process Sterilo;Developpeur
DR58;Lectures pt mesure Tc - Cond UHT1 P1;17;Lectures point de mesure;Temperature;Temperature;-;-;3&D64&#;D23&T°c  positive&#;CTC2C;Cond_UHT1_P1;Layout_Chart_Report;Paysage;Chart_17_CTC2C_V150;*;*;*;17_-_-_-_CTC2C;Lectures pt mesure Temperature - Cond UHT1 P1;Developpeur
DR59;Lectures pt mesure Tc - Cond UHT1 P2;17;Lectures point de mesure;Temperature;Temperature;-;-;3&D64&#;D24&T°c  positive&#;CTC2D;Cond_UHT1_P2;Layout_Chart_Report;Paysage;Chart_17_CTC2D_V150;*;*;*;17_-_-_-_CTC2D;Lectures pt mesure Temperature - Cond UHT1 P2;Developpeur
DR60;Lectures pt mesure Tc - Process Lait Fermente;17;Lectures point de mesure;Temperature;Temperature;-;-;3&D64&#;D25&T°c  positive&#;CTC2E;Process_Lait_Fermente;Layout_Chart_Report;Paysage;Chart_17_CTC2E_V150;*;*;*;17_-_-_-_CTC2E;Lectures pt mesure Temperature - Process Lait Fermente;Developpeur
DR61;Lectures pt mesure Tc - Galdi A et B;17;Lectures point de mesure;Temperature;Temperature;-;-;3&D64&#;D261&T°c  positive&#;CTC21;Galdi_A;Layout_Chart_Report;Paysage;Chart_17_CTC21_V150;*;*;*;17_-_-_-_CTC21;Lectures pt mesure Temperature - Galdi A et B;Developpeur
DR62;Lectures pt mesure Tc - Galdi C;17;Lectures point de mesure;Temperature;Temperature;-;-;3&D64&#;D262&T°c  positive&#;CTC22;Galdi_B;Layout_Chart_Report;Paysage;Chart_17_CTC22_V150;*;*;*;17_-_-_-_CTC22;Lectures pt mesure Temperature - Galdi C;Developpeur
DR63;Lectures pt mesure Tc - BER Process;17;Lectures point de mesure;Temperature;Temperature;-;-;3&D64&#;D271&T°c  positive&#;CTC23;BER_Process;Layout_Chart_Report;Paysage;Chart_17_CTC23_V150;*;*;*;17_-_-_-_CTC23;Lectures pt mesure Temperature - BER Process;Developpeur
DR64;Lectures pt mesure Tc - BER Cond;17;Lectures point de mesure;Temperature;Temperature;-;-;3&D64&#;D272&T°c  positive&#;CTC24;BER_Cond;Layout_Chart_Report;Paysage;Chart_17_CTC24_V150;*;*;*;17_-_-_-_CTC24;Lectures pt mesure Temperature - BER Cond;Developpeur
DR65;Lectures pt mesure Tc - CH Chaud P1;17;Lectures point de mesure;Temperature;Temperature;-;-;3&D66&#;D28&T°c  chaude&#;CTC2H;CH_Chaud_P1;Layout_Chart_Report;Paysage;Chart_17_CTC2H_V150;*;*;*;17_-_-_-_CTC2H;Lectures pt mesure Temperature - CH Chaud P1;Developpeur
DR66;Lectures pt mesure Tc - CH Froid P1;17;Lectures point de mesure;Temperature;Temperature;-;-;3&D64&#;D2A&T°c  positive&#;CTC2I;CH_Froid_P1;Layout_Chart_Report;Paysage;Chart_17_CTC2I_V150;*;*;*;17_-_-_-_CTC2I;Lectures pt mesure Temperature - CH Froid P1;Developpeur
DR67;Lectures pt mesure Tc - CH Froid P2;17;Lectures point de mesure;Temperature;Temperature;-;-;3&D64&#;D2B&T°c  positive&#;CTC2J;CH_Froid_P2;Layout_Chart_Report;Paysage;Chart_17_CTC2J_V150;*;*;*;17_-_-_-_CTC2J;Lectures pt mesure Temperature - CH Froid P2;Developpeur
DR68;Lectures pt mesure Tc - CH1 F Commerciale P1;17;Lectures point de mesure;Temperature;Temperature;-;-;3&D64&#;D31&T°c  positive&#;CTC31;CH1_F_Commerciale_P1;Layout_Chart_Report;Paysage;Chart_17_CTC31_V150;*;*;*;17_-_-_-_CTC31;Lectures pt mesure Temperature - CH1 F Commerciale P1;Developpeur
DR69;Lectures pt mesure Tc - CH2 F Commerciale P2;17;Lectures point de mesure;Temperature;Temperature;-;-;3&D64&#;D32&T°c  positive&#;CTC32;CH2_F_Commerciale_P2;Layout_Chart_Report;Paysage;Chart_17_CTC32_V150;*;*;*;17_-_-_-_CTC32;Lectures pt mesure Temperature - CH2 F Commerciale P2;Developpeur
DR70;Lectures pt mesure Tc - LB1 E 16;17;Lectures point de mesure;Temperature;Temperature;-;-;3&D66&#;D411&T°c  chaude&#;CTC4A;BAC_E1;Layout_Chart_Report;Paysage;Chart_17_CTC4A_V150;*;*;*;17_-_-_-_CTC4A;Lectures pt mesure Temperature - LB1 E 16;Developpeur
DR71;Lectures pt mesure Tc - LB1 E 18;17;Lectures point de mesure;Temperature;Temperature;-;-;3&D66&#;D412&T°c  chaude&#;CTC4B;BAC_E2;Layout_Chart_Report;Paysage;Chart_17_CTC4B_V150;*;*;*;17_-_-_-_CTC4B;Lectures pt mesure Temperature - LB1 E 18;Developpeur
DR72;Lectures pt mesure Tc - LB1 E 14;17;Lectures point de mesure;Temperature;Temperature;-;-;3&D66&#;D413&T°c  chaude&#;CTC4C;BAC_E3;Layout_Chart_Report;Paysage;Chart_17_CTC4C_V150;*;*;*;17_-_-_-_CTC4C;Lectures pt mesure Temperature - LB1 E 14;Developpeur
DR73;Lectures pt mesure Tc - LB1 E 06;17;Lectures point de mesure;Temperature;Temperature;-;-;3&D66&#;D414&T°c  chaude&#;CTC4D;BAC_E4;Layout_Chart_Report;Paysage;Chart_17_CTC4D_V150;*;*;*;17_-_-_-_CTC4D;Lectures pt mesure Temperature - LB1 E 06;Developpeur
DR74;Lectures pt mesure Tc - LB1 E 05;17;Lectures point de mesure;Temperature;Temperature;-;-;3&D66&#;D415&T°c  chaude&#;CTC4E;BAC_E5;Layout_Chart_Report;Paysage;Chart_17_CTC4E_V150;*;*;*;17_-_-_-_CTC4E;Lectures pt mesure Temperature - LB1 E 05;Developpeur
DR75;Lectures pt mesure Tc - LB1 E 02;17;Lectures point de mesure;Temperature;Temperature;-;-;3&D66&#;D416&T°c  chaude&#;CTC4F;BAC_E6;Layout_Chart_Report;Paysage;Chart_17_CTC4F_V150;*;*;*;17_-_-_-_CTC4F;Lectures pt mesure Temperature - LB1 E 02;Developpeur
DR76;Lectures pt mesure Tc - LB1 E 09;17;Lectures point de mesure;Temperature;Temperature;-;-;3&D66&#;D417&T°c  chaude&#;CTC4G;BAC_E7;Layout_Chart_Report;Paysage;Chart_17_CTC4G_V150;*;*;*;17_-_-_-_CTC4G;Lectures pt mesure Temperature - LB1 E 09;Developpeur
DR77;Lectures pt mesure Tc - LB1 R 11;17;Lectures point de mesure;Temperature;Temperature;-;-;3&D64&#;D418&T°c  positive&#;CTC4H;BAC_R1;Layout_Chart_Report;Paysage;Chart_17_CTC4H_V150;*;*;*;17_-_-_-_CTC4H;Lectures pt mesure Temperature - LB1 R 11;Developpeur
DR78;Lectures pt mesure Tc - LB1 R 02;17;Lectures point de mesure;Temperature;Temperature;-;-;3&D64&#;D419&T°c  positive&#;CTC4I;BAC_R2;Layout_Chart_Report;Paysage;Chart_17_CTC4I_V150;*;*;*;17_-_-_-_CTC4I;Lectures pt mesure Temperature - LB1 R 02;Developpeur
DR79;Lectures pt mesure Tc - LB1 R 03;17;Lectures point de mesure;Temperature;Temperature;-;-;3&D64&#;D41A&T°c  positive&#;CTC4J;BAC_R3;Layout_Chart_Report;Paysage;Chart_17_CTC4J_V150;*;*;*;17_-_-_-_CTC4J;Lectures pt mesure Temperature - LB1 R 03;Developpeur
DR80;Lectures pt mesure Tc - SALLE ANALYSE;17;Lectures point de mesure;Temperature;Temperature;-;-;3&D64&#;D41B&T°c  positive&#;CTC4K;BAC_MICROBIO;Layout_Chart_Report;Paysage;Chart_17_CTC4K_V150;*;*;*;17_-_-_-_CTC4K;Lectures pt mesure Temperature - SALLE ANALYSE;Developpeur
DR81;Lectures pt mesure Tc - LPC C 20;17;Lectures point de mesure;Temperature;Temperature;-;-;3&D65&#;D421&T°c  negativre&#;CTC4R;PHY_C1;Layout_Chart_Report;Paysage;Chart_17_CTC4R_V150;*;*;*;17_-_-_-_CTC4R;Lectures pt mesure Temperature - LPC C 20;Developpeur
DR82;Lectures pt mesure Tc - LPC C 18;17;Lectures point de mesure;Temperature;Temperature;-;-;3&D65&#;D422&T°c  negativre&#;CTC4L;PHY_C2;Layout_Chart_Report;Paysage;Chart_17_CTC4L_V150;*;*;*;17_-_-_-_CTC4L;Lectures pt mesure Temperature - LPC C 18;Developpeur
DR83;Lectures pt mesure Tc - LPC C 15;17;Lectures point de mesure;Temperature;Temperature;-;-;3&D65&#;D423&T°c  negativre&#;CTC4M;PHY_C3;Layout_Chart_Report;Paysage;Chart_17_CTC4M_V150;*;*;*;17_-_-_-_CTC4M;Lectures pt mesure Temperature - LPC C 15;Developpeur
DR84;Lectures pt mesure Tc - LPC C 16;17;Lectures point de mesure;Temperature;Temperature;-;-;3&D65&#;D424&T°c  negativre&#;CTC4N;PHY_C4;Layout_Chart_Report;Paysage;Chart_17_CTC4N_V150;*;*;*;17_-_-_-_CTC4N;Lectures pt mesure Temperature - LPC C 16;Developpeur
DR85;Lectures pt mesure Tc - LPC C 19;17;Lectures point de mesure;Temperature;Temperature;-;-;3&D65&#;D425&T°c  negativre&#;CTC4O;PHY_C5;Layout_Chart_Report;Paysage;Chart_17_CTC4O_V150;*;*;*;17_-_-_-_CTC4O;Lectures pt mesure Temperature - LPC C 19;Developpeur
DR86;Lectures pt mesure Tc - LPC C 17;17;Lectures point de mesure;Temperature;Temperature;-;-;3&D65&#;D426&T°c  negativre&#;CTC4P;PHY_C6;Layout_Chart_Report;Paysage;Chart_17_CTC4P_V150;*;*;*;17_-_-_-_CTC4P;Lectures pt mesure Temperature - LPC C 17;Developpeur
DR87;Lectures pt mesure Tc - LSF C 06;17;Lectures point de mesure;Temperature;Temperature;-;-;3&D65&#;D51&T°c  negativre&#;CTC5A;FERMO_R1;Layout_Chart_Report;Paysage;Chart_17_CTC5A_V150;*;*;*;17_-_-_-_CTC5A;Lectures pt mesure Temperature - LSF C 06;Developpeur
DR88;Lectures pt mesure Tc - LCF C 01;17;Lectures point de mesure;Temperature;Temperature;-;-;3&D65&#;D52&T°c  negativre&#;CTC5B;FERMO_R2;Layout_Chart_Report;Paysage;Chart_17_CTC5B_V150;*;*;*;17_-_-_-_CTC5B;Lectures pt mesure Temperature - LCF C 01;Developpeur
DR89;Lectures pt mesure Tc - LCF C 03;17;Lectures point de mesure;Temperature;Temperature;-;-;3&D65&#;D53&T°c  negativre&#;CTC5C;FERMO_R3;Layout_Chart_Report;Paysage;Chart_17_CTC5C_V150;*;*;*;17_-_-_-_CTC5C;Lectures pt mesure Temperature - LCF C 03;Developpeur
DR90;Lectures pt mesure Tc - LCF C 11;17;Lectures point de mesure;Temperature;Temperature;-;-;3&D65&#;D54&T°c  negativre&#;CTC5D;FERMO_R4;Layout_Chart_Report;Paysage;Chart_17_CTC5D_V150;*;*;*;17_-_-_-_CTC5D;Lectures pt mesure Temperature - LCF C 11;Developpeur
DR91;Lectures pt mesure Tc - LCF C 10;17;Lectures point de mesure;Temperature;Temperature;-;-;3&D65&#;D55&T°c  negativre&#;CTC5E;FERMO_R5;Layout_Chart_Report;Paysage;Chart_17_CTC5E_V150;*;*;*;17_-_-_-_CTC5E;Lectures pt mesure Temperature - LCF C 10;Developpeur
DR92;Lectures pt mesure Tc - LCF C 04;17;Lectures point de mesure;Temperature;Temperature;-;-;3&D65&#;D56&T°c  negativre&#;CTC5F;FERMO_R6;Layout_Chart_Report;Paysage;Chart_17_CTC5F_V150;*;*;*;17_-_-_-_CTC5F;Lectures pt mesure Temperature - LCF C 04;Developpeur
DR93;Lectures pt mesure Tc - LCF C 09;17;Lectures point de mesure;Temperature;Temperature;-;-;3&D65&#;D57&T°c  negativre&#;CTC5G;FERMO_C1;Layout_Chart_Report;Paysage;Chart_17_CTC5G_V150;*;*;*;17_-_-_-_CTC5G;Lectures pt mesure Temperature - LCF C 09;Developpeur
DR94;Lectures pt mesure Tc - LCF C 08;17;Lectures point de mesure;Temperature;Temperature;-;-;3&D65&#;D58&T°c  negativre&#;CTC5H;FERMO_C2;Layout_Chart_Report;Paysage;Chart_17_CTC5H_V150;*;*;*;17_-_-_-_CTC5H;Lectures pt mesure Temperature - LCF C 08;Developpeur
DR95;Lectures pt mesure Tc - Matiere Premiere P1;17;Lectures point de mesure;Temperature;Temperature;-;-;3&D65&#;D6&T°c  negativre&#;CTC6;Matiere_Premiere_P1;Layout_Chart_Report;Paysage;Chart_17_CTC6_V150;*;*;*;17_-_-_-_CTC6;Lectures pt mesure Temperature - Matiere Premiere P1;Developpeur
DR96;Lectures pt mesure Tc - CH CHAUD LABO;17;Lectures point de mesure;Temperature;Temperature;-;-;3&D66&#;D7&T°c  chaude&#;CTC7;CH_CHAUD_LABO;Layout_Chart_Report;Paysage;Chart_17_CTC7_V150;*;*;*;17_-_-_-_CTC7;Lectures pt mesure Temperature - CH CHAUD LABO;Developpeur
DR97;Lectures pt mesure HR - Process Pasto;17;Lectures point de mesure;Humidite;Humidite;-;-;3&D64&#;D21&T°c  positive&#;CHC1A;Process_Pasto;Layout_Chart_Report;Paysage;Chart_17_CHC1A_V150;*;*;*;17_-_-_-_CHC1A;Lectures pt mesure Humidite - Process Pasto;Developpeur
DR98;Lectures pt mesure HR - Process Sterilo;17;Lectures point de mesure;Humidite;Humidite;-;-;3&D64&#;D22&T°c  positive&#;CHC1B;Process_Sterilo;Layout_Chart_Report;Paysage;Chart_17_CHC1B_V150;*;*;*;17_-_-_-_CHC1B;Lectures pt mesure Humidite - Process Sterilo;Developpeur
DR99;Lectures pt mesure HR - Cond UHT1 P1;17;Lectures point de mesure;Humidite;Humidite;-;-;3&D64&#;D23&T°c  positive&#;CHC1C;Cond_UHT1_P1;Layout_Chart_Report;Paysage;Chart_17_CHC1C_V150;*;*;*;17_-_-_-_CHC1C;Lectures pt mesure Humidite - Cond UHT1 P1;Developpeur
DR100;Lectures pt mesure HR - Cond UHT1 P2;17;Lectures point de mesure;Humidite;Humidite;-;-;3&D64&#;D24&T°c  positive&#;CHC1D;Cond_UHT1_P2;Layout_Chart_Report;Paysage;Chart_17_CHC1D_V150;*;*;*;17_-_-_-_CHC1D;Lectures pt mesure Humidite - Cond UHT1 P2;Developpeur
DR101;Lectures pt mesure HR - Process Lait Fermente;17;Lectures point de mesure;Humidite;Humidite;-;-;3&D64&#;D25&T°c  positive&#;CHC1E;Process_Lait_Fermente;Layout_Chart_Report;Paysage;Chart_17_CHC1E_V150;*;*;*;17_-_-_-_CHC1E;Lectures pt mesure Humidite - Process Lait Fermente;Developpeur
DR102;Lectures pt mesure HR - Galdi A;17;Lectures point de mesure;Humidite;Humidite;-;-;3&D64&#;D261&T°c  positive&#;CHC11;Galdi_A;Layout_Chart_Report;Paysage;Chart_17_CHC11_V150;*;*;*;17_-_-_-_CHC11;Lectures pt mesure Humidite - Galdi A;Developpeur
DR103;Lectures pt mesure HR - Galdi B;17;Lectures point de mesure;Humidite;Humidite;-;-;3&D64&#;D262&T°c  positive&#;CHC12;Galdi_B;Layout_Chart_Report;Paysage;Chart_17_CHC12_V150;*;*;*;17_-_-_-_CHC12;Lectures pt mesure Humidite - Galdi B;Developpeur
DR104;Lectures pt mesure HR - BER Process;17;Lectures point de mesure;Humidite;Humidite;-;-;3&D64&#;D271&T°c  positive&#;CHC13;BER_Process;Layout_Chart_Report;Paysage;Chart_17_CHC13_V150;*;*;*;17_-_-_-_CHC13;Lectures pt mesure Humidite - BER Process;Developpeur
DR105;Lectures pt mesure HR - BER Cond;17;Lectures point de mesure;Humidite;Humidite;-;-;3&D64&#;D272&T°c  positive&#;CHC14;BER_Cond;Layout_Chart_Report;Paysage;Chart_17_CHC14_V150;*;*;*;17_-_-_-_CHC14;Lectures pt mesure Humidite - BER Cond;Developpeur
DR106;Lectures pt mesure HR - CH Chaud P1;17;Lectures point de mesure;Humidite;Humidite;-;-;3&D64&#;D28&T°c  positive&#;CHC1H;CH_Chaud_P1;Layout_Chart_Report;Paysage;Chart_17_CHC1H_V150;*;*;*;17_-_-_-_CHC1H;Lectures pt mesure Humidite - CH Chaud P1;Developpeur
DR107;Lectures pt mesure HR - CH Froid P1;17;Lectures point de mesure;Humidite;Humidite;-;-;3&D64&#;D2A&T°c  positive&#;CHC1I;CH_Froid_P1;Layout_Chart_Report;Paysage;Chart_17_CHC1I_V150;*;*;*;17_-_-_-_CHC1I;Lectures pt mesure Humidite - CH Froid P1;Developpeur
DR108;Lectures pt mesure HR - CH Froid P2;17;Lectures point de mesure;Humidite;Humidite;-;-;3&D64&#;D2B&T°c  positive&#;CHC1J;CH_Froid_P2;Layout_Chart_Report;Paysage;Chart_17_CHC1J_V150;*;*;*;17_-_-_-_CHC1J;Lectures pt mesure Humidite - CH Froid P2;Developpeur
DR109;Lectures pt mesure HR - CH1 F Commerciale P1;17;Lectures point de mesure;Humidite;Humidite;-;-;3&D64&#;D31&T°c  positive&#;CHC21;CH1_F_Commerciale_P1;Layout_Chart_Report;Paysage;Chart_17_CHC21_V150;*;*;*;17_-_-_-_CHC21;Lectures pt mesure Humidite - CH1 F Commerciale P1;Developpeur
DR110;Lectures pt mesure HR - CH2 F Commerciale P2;17;Lectures point de mesure;Humidite;Humidite;-;-;3&D64&#;D32&T°c  positive&#;CHC22;CH2_F_Commerciale_P2;Layout_Chart_Report;Paysage;Chart_17_CHC22_V150;*;*;*;17_-_-_-_CHC22;Lectures pt mesure Humidite - CH2 F Commerciale P2;Developpeur
DR111;Lectures pt mesure HR - Matiere Premiere P1;17;Lectures point de mesure;Humidite;Humidite;-;-;3&D65&#;D6&T°c  negativre&#;CHC3;Matiere_Premiere_P1;Layout_Chart_Report;Paysage;Chart_17_CHC3_V150;*;*;*;17_-_-_-_CHC3;Lectures pt mesure Humidite - Matiere Premiere P1;Developpeur
DR112;Lectures pt mesure HR - CH CHAUD LABO;17;Lectures point de mesure;Humidite;Humidite;-;-;3&D66&#;D7&T°c  chaude&#;CHC5;CH_CHAUD_LABO;Layout_Chart_Report;Paysage;Chart_17_CHC5_V150;*;*;*;17_-_-_-_CHC5;Lectures pt mesure Humidite - CH CHAUD LABO;Developpeur
DR113;Synoptique T_RH CLC;11;Synoptique temperature humidite;-;-;-;-;#&#&D1;#&#&CLC;CTCA;CLC;Layout_Chart_Report;Paysage;Chart_11_#&#&D1_V150;*;*;*;11_-_#&#&D1_-_-;Synoptique T_RH CLC;Developpeur
DR114;Synoptique T_RH Production;11;Synoptique temperature humidite;-;-;-;-;#&#&D2;#&#&Production;CTC2;Production;Layout_Chart_Report;Paysage;Chart_11_#&#&D2_V150;*;*;*;11_-_#&#&D2_-_-;Synoptique T_RH Production;Developpeur
DR115;Synoptique T_RH Labobratoire;11;Synoptique temperature humidite;-;-;-;-;#&#&D4;#&#&Laboratoire;CTC4;Laboratoire;Layout_Chart_Report;Paysage;Chart_11_#&#&D4_V150;*;*;*;11_-_#&#&D4_-_-;Synoptique T_RH Labobratoire;Developpeur
DR116;Synoptique T_RH Salle De Fermentation;11;Synoptique temperature humidite;-;-;-;-;#&#&D5;#&#&Salle_De_Fermentation;CTC5;Salle_De_Fermentation;Layout_Chart_Report;Paysage;Chart_11_#&#&D5_V150;*;*;*;11_-_#&#&D5_-_-;Synoptique T_RH Salle De Fermentation;Developpeur
DR117;Suivi conformite Tc Annuel CLC;14;Suivi conformite;Temperature;Temperature;A;Annuel;#&#&D1;#&#&CLC;CTCA;CLC;Layout_Chart_Report;Paysage;Chart_14_Temperature_A_CTCA_V150;*;*;*;14_Temperature_-_A_CTCA;Suivi conformite Annuel CLC;Developpeur
DR118;Suivi conformite Tc Annuel Production;14;Suivi conformite;Temperature;Temperature;A;Annuel;#&#&D2;#&#&Production;CTC2;Production;Layout_Chart_Report;Paysage;Chart_14_Temperature_A_CTC2_V150;*;*;*;14_Temperature_-_A_CTC2;Suivi conformite Annuel Production;Developpeur
DR119;AD-Hoc;18;AD-Hoc;-;-;-;-;#&#&D1;#&#&CLC;CTCA;CLC;Layout_Tabular_Portrait;Portrait;*;*;*;*;18_-_-_-_-;Tableau AD-HOC CLC;Developpeur
DR120;PE_Temperature_Journalier_Production_V150;14;Suivi conformite;Temperature;Temperature;J;Journalier;#&#&D2;#&#&Production;CTC2;Production;Layout_Chart_Report;Paysage;Chart_14_Temperature_J_CTC2_V150;*;*;*;14_Temperature_-_J_CTC2;Suivi conformite_#&#&Production_Temperature_Journalier_Production;Developpeur
